epoch,train_loss,train_acc,val_loss,val_acc,val_precision,val_recall,val_f1,val_auc,val_tp,val_fp,val_fn,val_tn,time_sec
1,0.0379017648902518,0.986432412154558,0.005770853441441431,0.9984992496248124,1.0,0.9969984992496248,0.998496993987976,2.2772767073853117e-05,1993,0,6,1999,184
