epoch,train_loss,train_acc,val_loss,val_acc,val_precision,val_recall,val_f1,val_auc,val_tp,val_fp,val_fn,val_tn,time_sec
1,0.04865236646009129,0.9821983428275505,0.0026496242144501535,0.9994818652849741,1.0,0.9989637305699481,0.9994815966822187,2.9530994121174103e-06,1928,0,2,1930,175
