epoch,train_loss,train_acc,val_loss,val_acc,val_precision,val_recall,val_f1,val_auc,val_tp,val_fp,val_fn,val_tn,time_sec
1,0.04909977996359235,0.9856065367693274,0.030418100127368234,0.9947183098591549,0.9994921279837481,0.9899396378269618,0.9946929492039425,0.0005219951499743081,1968,1,20,1987,181
